ATCKWACF,WIOYJ,NHMSNILL
AYDZIBYG,LICUBGG,LGFEN
BMRJWKQTIT,OWQHBFGLC,YCSLHAZXD
BQKUEZINIW,HWBYQKIYFI,PGCKMXACQ
BSGZFMJI,RIQVOGU,DHDEQTHBCK
BXRBTJFNFH,PPDZKKLY,QFOJGWFIVG
CBNLURVC,CLBWACG,ZKUVV
CQVPIWKN,HPXOGJHA,VCODOQ
CWAPSD,ZCMMSP,LQPEAWSJH
CWBCBC,LSBCEMVPSM,UFAGLGOABP
DANOCWJWVD,CKTVHJOWW,CFJEXME
DFNTDH,UQVUMJARTL,YNDYJTUUSC
DNMRVPONV,SGCLO,QYWRRQCK
DOPEQCYLG,UPACW,QLHBVCV
DRGCKQJ,BXVJCNN,IZNXRGXO
DRJOAIS,YEPOXHHGOS,JXIEGWNJBU
DXPED,VOEJIFXHN,WYWVWG
EFPNL,GSUFNSUDQ,PMVBAMNB
EGWBFBD,WNSKZ,GGNYBEO
EIYMLIE,PUGNXUCD,GYRZTUVN
ELNHIWHN,SGBYQIIUTZ,DWPCB
FUTBZU,IJCGTRJKFA,GUAPZNPET
FWBNNVEMCK,WVDCOW,FZKSRW
FWIBIKIVL,NJMHZEHHR,JRXNGS
GEYZJ,LDMGIW,UDOZGK
GOBQKWEF,FRGBEWLN,UFYWGAS
GZGOL,RRZBOM,BAYHKE
HBKLBBPDK,BEFBQF,LJJXBKE
HKWMRWPI,WJRDP,PEDHA
HNFIEHHF,QNUHM,CYIGO
ICLOXNK,LQDBQ,EMQWKPF
IKGESY,FWNWBVWU,AFJVW
IOKRT,SVRDIWXEBV,IRBUSPGKF
IPZOXCF,KIUJCJDXLN,EOHEEQV
IQITKV,LJSXJ,RYLZXNVNRB
IUBEN,EOOIMFK,RDGBRYCO
JBSLQUQ,LXCYQ,VRHMQDDUVY
JISYSXT,SHCAB,OCOPN
JNWKK,WWGJD,IWHWHVFS
JTWCSZXH,DZEAMYBOB,XWJLB
KHPLHQ,PPJVEOEKL,SCNPGJY
KTLUTPS,RPCGNGIPQK,QHEXFL
KTTKMYLJC,ERBFR,OMTERRBM
KYUHCPLU,DHGSVC,PKLCOGFJ
LGDHKXEWQ,HPAVVSYAPN,IIWIFXEM
LSZPN,IKNVYCVRZF,UVFRZR
LXUFG,ALYFP,ZCJCGJTHK
LYQGMOZLN,ZEXHXIQEIC,QYFLZJBKG
MDHUZZNYQ,IMHPY,MILEOEQZK
MGNWWG,GHHNFK,IILAK
MJAAEHNE,GPCWKLOXMC,OEXXTHP
MOCYDYJ,KDDJHBLR,YAZEUNSF
MWBMYXIS,EIMTMVGYT,HWIDUHRF
MWSNAHH,ITDCAZ,ZUWNFZWMF
NGFYEDCG,UDWCPJ,SFCLPJA
NZMJMDJRD,UQLDWTPE,ZTAPNXEU
NZPKPYD,OMMMGWITNU,IHDZXMPX
OQYOM,PAMTOPA,SKQONIVWR
OUVWDVH,EPQQPV,EKOYV
OYOTIG,DWNAPQJ,QKISWWHM
PARRN,PGGCD,KKAFG
PDWTEEJX,WIFXKCKGI,SCFQAAJM
PHWVEWXYYL,QWKSYLCSD,RSGFYQIM
PXVQDZDTDZ,QJPPBPBL,OWEWDXCFC
QTFQO,LYFBOLIEM,JONKFK
QTQJVE,CEUJBGQOU,YFOGRF
QVJUW,VNTQMK,LBOQUSMAU
QXMUBH,FSUYDYPIE,PUWNEIUSP
RGPMAYO,LVNDUZEKM,KBKWFYL
RJYIC,VRZDSOL,WKWMWH
RRXGAE,DTCHR,GLBMODZD
SDCJEY,BXOTXD,AYIVJEF
SDFWAVN,JCRBUJFCWX,DCVMENS
SHKMOPBB,PAKVS,TFDVVYDFJ
SMKYCJVD,KGMFKCDLB,XPOEXG
SSRILKFT,UTHGNECA,CYEHGWSBME
SWHTGO,XWAKBMM,GAHEZCTL
TFAUAKIWN,FSQGVZ,KAQJBT
TGJTYK,FPNER,XQKGA
TGSOAQTTO,JFXEDWNTYW,XLFGK
TYHYAM,VKMPGN,VKCQOKEK
UCPLO,QYNUIWRJK,KORCDLCU
UEZEEHYRQS,SGUJYOHPNZ,HTHEFAVM
UGSUV,YQSNOIFTI,GBOWWAUYU
UHPVNEPHH,ILUMQX,VZLCFK
ULVJAQQEJB,MQMDIXMN,GDUORS
USOKD,VNNIOEJTSY,MGIAGLJZ
VFOPXQUS,OXMFIPSVQ,JTDKBOTXS
VLTJXJWU,LOFWDP,IRTBMGJI
WRVXUGCOJ,REBTJWVWI,XWIOPH
WRWLKQZAH,TWBYVU,XGSCFHVIUH
WVTCZ,ICVKMMXTVG,PZDLU
XDJYJE,LKTEEHZUF,ROSNCF
XFPDYKE,LCFRFBKK,FOBPXFUO
XLSRWUDVU,UXBHSBVZS,POYBNTOIZL
XVZMLNUJP,BYIFS,FOHVZLY
YAZPLKIUC,FKGNHGPK,DGPEKELR
YAZTHSS,BWTAHWZHCU,DSZHAZZ
YDSWIDFX,IAJAY,QMUGHLM
YFZZIKN,DSUCEJQWA,MALLFS
YIVWHPBM,YSYTVSSJ,ZXIRQDNTI
ZKVHQKXY,UAMVNFU,GMFHOBY
dafgdsfg,dsfgsdfg,sdfgsdfg
sdafdfsg,dfsgsdrgas,sdrgsdgss
